{"data":[{"Properties":{"domain":"CHEDDARSALE.LOCAL","name":"NTAUTHCERTIFICATES@CHEDDARSALE.LOCAL","distinguishedname":"CN=NTAUTHCERTIFICATES,CN=PUBLIC KEY SERVICES,CN=SERVICES,CN=CONFIGURATION,DC=CHEDDARSALE,DC=LOCAL","domainsid":"S-1-5-21-4167263303-2611637780-1612060281","isaclprotected":false,"certthumbprints":["06034F5426C39EAF735D2BB9AFC33D6D1372FD4D"],"description":null,"whencreated":1711917838},"DomainSID":"S-1-5-21-4167263303-2611637780-1612060281","Aces":[{"PrincipalSID":"S-1-5-21-4167263303-2611637780-1612060281-519","PrincipalType":"Group","RightName":"Owns","IsInherited":false},{"PrincipalSID":"CHEDDARSALE.LOCAL-S-1-5-32-544","PrincipalType":"Group","RightName":"GenericAll","IsInherited":false},{"PrincipalSID":"S-1-5-21-4167263303-2611637780-1612060281-512","PrincipalType":"Group","RightName":"GenericAll","IsInherited":false},{"PrincipalSID":"S-1-5-21-4167263303-2611637780-1612060281-519","PrincipalType":"Group","RightName":"GenericAll","IsInherited":false},{"PrincipalSID":"S-1-5-21-4167263303-2611637780-1612060281-519","PrincipalType":"Group","RightName":"GenericAll","IsInherited":true},{"PrincipalSID":"S-1-5-21-4167263303-2611637780-1612060281-512","PrincipalType":"Group","RightName":"WriteDacl","IsInherited":true},{"PrincipalSID":"S-1-5-21-4167263303-2611637780-1612060281-512","PrincipalType":"Group","RightName":"WriteOwner","IsInherited":true}],"ObjectIdentifier":"A7FA1699-9760-4A05-914B-E5B13E4613C4","IsDeleted":false,"IsACLProtected":false,"ContainedBy":{"ObjectIdentifier":"2DDBD520-F3DA-485B-A461-41603C9B8DEF","ObjectType":"Container"}}],"meta":{"methods":521215,"type":"ntauthstores","count":1,"version":6}}