{"data":[{"Properties":{"domain":"CHEDDARSALE.LOCAL","name":"CHEDDARSALE-CA@CHEDDARSALE.LOCAL","distinguishedname":"CN=CHEDDARSALE-CA,CN=AIA,CN=PUBLIC KEY SERVICES,CN=SERVICES,CN=CONFIGURATION,DC=CHEDDARSALE,DC=LOCAL","domainsid":"S-1-5-21-4167263303-2611637780-1612060281","isaclprotected":false,"description":null,"whencreated":1711917838,"crosscertificatepair":[],"hascrosscertificatepair":false,"certthumbprint":"06034F5426C39EAF735D2BB9AFC33D6D1372FD4D","certname":"06034F5426C39EAF735D2BB9AFC33D6D1372FD4D","certchain":["06034F5426C39EAF735D2BB9AFC33D6D1372FD4D"],"hasbasicconstraints":false,"basicconstraintpathlength":0},"Aces":[{"PrincipalSID":"S-1-5-21-4167263303-2611637780-1612060281-519","PrincipalType":"Group","RightName":"Owns","IsInherited":false},{"PrincipalSID":"CHEDDARSALE.LOCAL-S-1-5-32-544","PrincipalType":"Group","RightName":"GenericAll","IsInherited":false},{"PrincipalSID":"S-1-5-21-4167263303-2611637780-1612060281-512","PrincipalType":"Group","RightName":"GenericAll","IsInherited":false},{"PrincipalSID":"S-1-5-21-4167263303-2611637780-1612060281-519","PrincipalType":"Group","RightName":"GenericAll","IsInherited":false},{"PrincipalSID":"S-1-5-21-4167263303-2611637780-1612060281-1106","PrincipalType":"Computer","RightName":"GenericAll","IsInherited":false},{"PrincipalSID":"S-1-5-21-4167263303-2611637780-1612060281-519","PrincipalType":"Group","RightName":"GenericAll","IsInherited":true},{"PrincipalSID":"S-1-5-21-4167263303-2611637780-1612060281-512","PrincipalType":"Group","RightName":"WriteDacl","IsInherited":true},{"PrincipalSID":"S-1-5-21-4167263303-2611637780-1612060281-512","PrincipalType":"Group","RightName":"WriteOwner","IsInherited":true}],"ObjectIdentifier":"91B2766A-C9F6-4DE1-A97A-581996F3A68A","IsDeleted":false,"IsACLProtected":false,"ContainedBy":{"ObjectIdentifier":"CD342545-8344-4BA4-B3D5-4EEAC57E29B2","ObjectType":"Container"}}],"meta":{"methods":521215,"type":"aiacas","count":1,"version":6}}