{"data":[{"Properties":{"domain":"WORKS.CHEDDARSALE.LOCAL","name":"DEFAULT DOMAIN POLICY@WORKS.CHEDDARSALE.LOCAL","distinguishedname":"CN={31B2F340-016D-11D2-945F-00C04FB984F9},CN=POLICIES,CN=SYSTEM,DC=WORKS,DC=CHEDDARSALE,DC=LOCAL","domainsid":"S-1-5-21-1105688709-2798606534-1669710206","isaclprotected":true,"description":null,"whencreated":1711910989,"gpcpath":"\\\\WORKS.CHEDDARSALE.LOCAL\\SYSVOL\\WORKS.CHEDDARSALE.LOCAL\\POLICIES\\{31B2F340-016D-11D2-945F-00C04FB984F9}"},"Aces":[{"PrincipalSID":"S-1-5-21-1105688709-2798606534-1669710206-512","PrincipalType":"Group","RightName":"Owns","IsInherited":false},{"PrincipalSID":"S-1-5-21-4167263303-2611637780-1612060281-519","PrincipalType":"Group","RightName":"WriteDacl","IsInherited":false},{"PrincipalSID":"S-1-5-21-4167263303-2611637780-1612060281-519","PrincipalType":"Group","RightName":"WriteOwner","IsInherited":false},{"PrincipalSID":"S-1-5-21-4167263303-2611637780-1612060281-519","PrincipalType":"Group","RightName":"GenericWrite","IsInherited":false},{"PrincipalSID":"S-1-5-21-1105688709-2798606534-1669710206-512","PrincipalType":"Group","RightName":"WriteDacl","IsInherited":false},{"PrincipalSID":"S-1-5-21-1105688709-2798606534-1669710206-512","PrincipalType":"Group","RightName":"WriteOwner","IsInherited":false},{"PrincipalSID":"S-1-5-21-1105688709-2798606534-1669710206-512","PrincipalType":"Group","RightName":"GenericWrite","IsInherited":false}],"ObjectIdentifier":"9429A82A-57CF-4C95-B394-B43EA813B66D","IsDeleted":false,"IsACLProtected":true,"ContainedBy":null},{"Properties":{"domain":"WORKS.CHEDDARSALE.LOCAL","name":"DEFAULT DOMAIN CONTROLLERS POLICY@WORKS.CHEDDARSALE.LOCAL","distinguishedname":"CN={6AC1786C-016F-11D2-945F-00C04FB984F9},CN=POLICIES,CN=SYSTEM,DC=WORKS,DC=CHEDDARSALE,DC=LOCAL","domainsid":"S-1-5-21-1105688709-2798606534-1669710206","isaclprotected":true,"description":null,"whencreated":1711910989,"gpcpath":"\\\\WORKS.CHEDDARSALE.LOCAL\\SYSVOL\\WORKS.CHEDDARSALE.LOCAL\\POLICIES\\{6AC1786C-016F-11D2-945F-00C04FB984F9}"},"Aces":[{"PrincipalSID":"S-1-5-21-1105688709-2798606534-1669710206-512","PrincipalType":"Group","RightName":"Owns","IsInherited":false},{"PrincipalSID":"S-1-5-21-4167263303-2611637780-1612060281-519","PrincipalType":"Group","RightName":"WriteDacl","IsInherited":false},{"PrincipalSID":"S-1-5-21-4167263303-2611637780-1612060281-519","PrincipalType":"Group","RightName":"WriteOwner","IsInherited":false},{"PrincipalSID":"S-1-5-21-4167263303-2611637780-1612060281-519","PrincipalType":"Group","RightName":"GenericWrite","IsInherited":false},{"PrincipalSID":"S-1-5-21-1105688709-2798606534-1669710206-512","PrincipalType":"Group","RightName":"WriteDacl","IsInherited":false},{"PrincipalSID":"S-1-5-21-1105688709-2798606534-1669710206-512","PrincipalType":"Group","RightName":"WriteOwner","IsInherited":false},{"PrincipalSID":"S-1-5-21-1105688709-2798606534-1669710206-512","PrincipalType":"Group","RightName":"GenericWrite","IsInherited":false}],"ObjectIdentifier":"4E4917FE-8E3D-4B16-8CDA-6BD1D183A02E","IsDeleted":false,"IsACLProtected":true,"ContainedBy":null}],"meta":{"methods":521215,"type":"gpos","count":2,"version":6}}