{"data":[{"GPOChanges":{"LocalAdmins":[],"RemoteDesktopUsers":[],"DcomUsers":[],"PSRemoteUsers":[],"AffectedComputers":[{"ObjectIdentifier":"S-1-5-21-1105688709-2798606534-1669710206-1002","ObjectType":"Computer"}]},"Properties":{"domain":"WORKS.CHEDDARSALE.LOCAL","name":"DOMAIN CONTROLLERS@WORKS.CHEDDARSALE.LOCAL","distinguishedname":"OU=DOMAIN CONTROLLERS,DC=WORKS,DC=CHEDDARSALE,DC=LOCAL","domainsid":"S-1-5-21-1105688709-2798606534-1669710206","isaclprotected":false,"description":"Default container for domain controllers","whencreated":1711910989,"blocksinheritance":false},"Links":[{"IsEnforced":false,"GUID":"4E4917FE-8E3D-4B16-8CDA-6BD1D183A02E"}],"ChildObjects":[],"Aces":[{"PrincipalSID":"S-1-5-21-1105688709-2798606534-1669710206-512","PrincipalType":"Group","RightName":"Owns","IsInherited":false},{"PrincipalSID":"S-1-5-21-1105688709-2798606534-1669710206-512","PrincipalType":"Group","RightName":"WriteDacl","IsInherited":false},{"PrincipalSID":"S-1-5-21-1105688709-2798606534-1669710206-512","PrincipalType":"Group","RightName":"WriteOwner","IsInherited":false},{"PrincipalSID":"S-1-5-21-4167263303-2611637780-1612060281-519","PrincipalType":"Group","RightName":"GenericAll","IsInherited":true},{"PrincipalSID":"WORKS.CHEDDARSALE.LOCAL-S-1-5-32-544","PrincipalType":"Group","RightName":"WriteDacl","IsInherited":true},{"PrincipalSID":"WORKS.CHEDDARSALE.LOCAL-S-1-5-32-544","PrincipalType":"Group","RightName":"WriteOwner","IsInherited":true}],"ObjectIdentifier":"D4BE8B73-5BEF-4F1D-A495-A8E291F27815","IsDeleted":false,"IsACLProtected":false,"ContainedBy":{"ObjectIdentifier":"S-1-5-21-1105688709-2798606534-1669710206","ObjectType":"Domain"}}],"meta":{"methods":521215,"type":"ous","count":1,"version":6}}