{"data":[{"Properties":{"domain":"CHEDDARSALE.LOCAL","name":"CHEDDARSALE-CA@CHEDDARSALE.LOCAL","distinguishedname":"CN=CHEDDARSALE-CA,CN=CERTIFICATION AUTHORITIES,CN=PUBLIC KEY SERVICES,CN=SERVICES,CN=CONFIGURATION,DC=CHEDDARSALE,DC=LOCAL","domainsid":"S-1-5-21-4167263303-2611637780-1612060281","isaclprotected":false,"description":null,"whencreated":1711917838,"certthumbprint":"06034F5426C39EAF735D2BB9AFC33D6D1372FD4D","certname":"06034F5426C39EAF735D2BB9AFC33D6D1372FD4D","certchain":["06034F5426C39EAF735D2BB9AFC33D6D1372FD4D"],"hasbasicconstraints":false,"basicconstraintpathlength":0},"DomainSID":"S-1-5-21-4167263303-2611637780-1612060281","Aces":[{"PrincipalSID":"S-1-5-21-4167263303-2611637780-1612060281-519","PrincipalType":"Group","RightName":"Owns","IsInherited":false},{"PrincipalSID":"CHEDDARSALE.LOCAL-S-1-5-32-544","PrincipalType":"Group","RightName":"GenericAll","IsInherited":false},{"PrincipalSID":"S-1-5-21-4167263303-2611637780-1612060281-512","PrincipalType":"Group","RightName":"GenericAll","IsInherited":false},{"PrincipalSID":"S-1-5-21-4167263303-2611637780-1612060281-517","PrincipalType":"Group","RightName":"GenericAll","IsInherited":false},{"PrincipalSID":"S-1-5-21-4167263303-2611637780-1612060281-519","PrincipalType":"Group","RightName":"GenericAll","IsInherited":false},{"PrincipalSID":"S-1-5-21-4167263303-2611637780-1612060281-519","PrincipalType":"Group","RightName":"GenericAll","IsInherited":true},{"PrincipalSID":"S-1-5-21-4167263303-2611637780-1612060281-512","PrincipalType":"Group","RightName":"WriteDacl","IsInherited":true},{"PrincipalSID":"S-1-5-21-4167263303-2611637780-1612060281-512","PrincipalType":"Group","RightName":"WriteOwner","IsInherited":true}],"ObjectIdentifier":"2AA26DEB-F608-48A6-88CE-0A6DAF5A7D61","IsDeleted":false,"IsACLProtected":false,"ContainedBy":{"ObjectIdentifier":"64091F6F-98A8-40B2-8068-FC5FB117DC5A","ObjectType":"Container"}}],"meta":{"methods":521215,"type":"rootcas","count":1,"version":6}}