{"data":[{"Properties":{"domain":"CHEDDARSALE.LOCAL","name":"CHEDDARSALE-CA@CHEDDARSALE.LOCAL","distinguishedname":"CN=CHEDDARSALE-CA,CN=ENROLLMENT SERVICES,CN=PUBLIC KEY SERVICES,CN=SERVICES,CN=CONFIGURATION,DC=CHEDDARSALE,DC=LOCAL","domainsid":"S-1-5-21-4167263303-2611637780-1612060281","isaclprotected":false,"description":null,"whencreated":1711917838,"flags":"SUPPORTS_NT_AUTHENTICATION, CA_SERVERTYPE_ADVANCED","caname":"CHEDDARSALE-CA","dnshostname":"WIN-099SCKTV67A.cheddarsale.local","certthumbprint":"06034F5426C39EAF735D2BB9AFC33D6D1372FD4D","certname":"06034F5426C39EAF735D2BB9AFC33D6D1372FD4D","certchain":["06034F5426C39EAF735D2BB9AFC33D6D1372FD4D"],"hasbasicconstraints":false,"basicconstraintpathlength":0,"casecuritycollected":false,"enrollmentagentrestrictionscollected":false,"isuserspecifiessanenabledcollected":false},"HostingComputer":null,"CARegistryData":{"CASecurity":{"Data":[],"Collected":false,"FailureReason":"Target machine was not found or not connectable"},"EnrollmentAgentRestrictions":{"Restrictions":[],"Collected":false,"FailureReason":"Target machine was not found or not connectable"},"IsUserSpecifiesSanEnabled":{"Value":false,"Collected":false,"FailureReason":"Target machine was not found or not connectable"}},"EnabledCertTemplates":[{"ObjectIdentifier":"60CFE6E2-03A1-499A-9AAD-283713EBA24B","ObjectType":"CertTemplate"},{"ObjectIdentifier":"56A4847F-1D07-4F44-A2E8-E8A4F779125E","ObjectType":"CertTemplate"},{"ObjectIdentifier":"3992E6B3-0892-4F6F-A3F1-E9489A139090","ObjectType":"CertTemplate"},{"ObjectIdentifier":"F8994830-DDB1-444E-9B5E-7D75422D640A","ObjectType":"CertTemplate"},{"ObjectIdentifier":"00DD9CDB-1485-48EF-B515-E9683A212E6A","ObjectType":"CertTemplate"},{"ObjectIdentifier":"A820C47D-36BA-4E65-B897-86ECC00160B4","ObjectType":"CertTemplate"},{"ObjectIdentifier":"9776D5E1-5507-4597-80AD-8CDEC38FCBC0","ObjectType":"CertTemplate"},{"ObjectIdentifier":"E2795450-7C9F-4E01-A673-11894BEFD9DB","ObjectType":"CertTemplate"},{"ObjectIdentifier":"EEAB277D-CDB9-4C1E-BDA6-E1AB116136FE","ObjectType":"CertTemplate"},{"ObjectIdentifier":"92E8BA21-5F47-43B1-AD44-8ADAA62E309A","ObjectType":"CertTemplate"},{"ObjectIdentifier":"A70AE41B-EFDA-419A-BA8A-FBA25FC6074F","ObjectType":"CertTemplate"},{"ObjectIdentifier":"403DA5B7-2B8D-4CE8-BB50-B00C4E0AA239","ObjectType":"CertTemplate"},{"ObjectIdentifier":"0752C1BC-5EA6-4DD6-9BD0-C9E40BF849A5","ObjectType":"CertTemplate"},{"ObjectIdentifier":"C0BE25EA-64CD-4FB3-9DD5-83013731068C","ObjectType":"CertTemplate"},{"ObjectIdentifier":"B9AB5BE8-2199-4F44-9806-8ABA2138F6FE","ObjectType":"CertTemplate"},{"ObjectIdentifier":"9E25BEE5-7C5E-4F36-9AFC-D765292249DC","ObjectType":"CertTemplate"},{"ObjectIdentifier":"2BD542C6-5353-4CF1-B8A1-F7EAF1E01744","ObjectType":"CertTemplate"},{"ObjectIdentifier":"4323787B-B521-47CF-8E58-E88A8CF93B4A","ObjectType":"CertTemplate"},{"ObjectIdentifier":"0F3CCE6A-2794-40F2-8850-DB282FC6125D","ObjectType":"CertTemplate"}],"Aces":[{"PrincipalSID":"S-1-5-21-4167263303-2611637780-1612060281-519","PrincipalType":"Group","RightName":"Owns","IsInherited":false},{"PrincipalSID":"S-1-5-21-4167263303-2611637780-1612060281-519","PrincipalType":"Group","RightName":"WriteDacl","IsInherited":false},{"PrincipalSID":"S-1-5-21-4167263303-2611637780-1612060281-519","PrincipalType":"Group","RightName":"WriteOwner","IsInherited":false},{"PrincipalSID":"S-1-5-21-4167263303-2611637780-1612060281-519","PrincipalType":"Group","RightName":"ManageCA","IsInherited":false},{"PrincipalSID":"S-1-5-21-4167263303-2611637780-1612060281-519","PrincipalType":"Group","RightName":"ManageCertificates","IsInherited":false},{"PrincipalSID":"S-1-5-21-4167263303-2611637780-1612060281-1106","PrincipalType":"Computer","RightName":"WriteDacl","IsInherited":false},{"PrincipalSID":"S-1-5-21-4167263303-2611637780-1612060281-1106","PrincipalType":"Computer","RightName":"WriteOwner","IsInherited":false},{"PrincipalSID":"S-1-5-21-4167263303-2611637780-1612060281-1106","PrincipalType":"Computer","RightName":"ManageCA","IsInherited":false},{"PrincipalSID":"S-1-5-21-4167263303-2611637780-1612060281-1106","PrincipalType":"Computer","RightName":"ManageCertificates","IsInherited":false},{"PrincipalSID":"CHEDDARSALE.LOCAL-S-1-5-11","PrincipalType":"Group","RightName":"Enroll","IsInherited":false},{"PrincipalSID":"S-1-5-21-4167263303-2611637780-1612060281-519","PrincipalType":"Group","RightName":"GenericAll","IsInherited":true},{"PrincipalSID":"S-1-5-21-4167263303-2611637780-1612060281-512","PrincipalType":"Group","RightName":"WriteDacl","IsInherited":true},{"PrincipalSID":"S-1-5-21-4167263303-2611637780-1612060281-512","PrincipalType":"Group","RightName":"WriteOwner","IsInherited":true},{"PrincipalSID":"S-1-5-21-4167263303-2611637780-1612060281-512","PrincipalType":"Group","RightName":"ManageCA","IsInherited":true}],"ObjectIdentifier":"7F2C1FAD-C51B-4E86-86D9-E869D0181D8A","IsDeleted":false,"IsACLProtected":false,"ContainedBy":{"ObjectIdentifier":"A38F6FF0-DE19-4B84-8175-A0102A56DB93","ObjectType":"Container"}}],"meta":{"methods":521215,"type":"enterprisecas","count":1,"version":6}}